cell_id	barcode	sample	batch	total_counts	percent_mito
1	AAACGCTCAGGA	A	1	2450	5.2
2	AAAGCTTGCCTG	A	1	2320	4.8
3	AACCGTGTCGAA	A	1	2580	5.5
4	AACGGACTTATC	A	1	2340	4.7
5	AAGCAGTCAGTT	A	1	2490	5.1
6	AAGCCTATTCGG	A	2	2380	5.3
7	AAGGTACTCGAT	A	2	2510	4.9
8	AATCAGGTTCGA	A	2	2430	5.0
9	AATGCTGATGCC	A	2	2470	5.2
10	ACAACGTGTCTA	A	2	2390	4.8
11	ACAGTCAGTCAA	B	1	2520	6.1
12	ACCGTCATGTAG	B	1	2410	5.9
13	ACCTACAGGTTC	B	1	2550	6.3
14	ACGAGTCAGTCT	B	1	2480	6.0
15	ACGATCGTTCGA	B	1	2540	6.2
16	ACGCTGTCAGAA	B	2	2460	6.4
17	ACGGTTCAGTCG	B	2	2500	6.1
18	ACTCGACTCGAT	B	2	2570	6.5
19	ACTGCATCAGTC	B	2	2530	6.2
20	AGAACCAGTCGT	B	2	2490	6.0
21	AGACGTACTGCA	C	1	2360	5.7
22	AGACTCAGCTTG	C	1	2280	5.5
23	AGCATCGATCGT	C	1	2420	5.8
24	AGCCTACAGTCC	C	1	2350	5.6
25	AGCGAGTCAGTC	C	1	2310	5.4
26	AGTACGTTCAGA	C	2	2270	5.9
27	AGTCAGTCTGAT	C	2	2330	5.7
28	AGTCGATACGCT	C	2	2400	5.8
29	ATCAGTCACGTA	C	2	2370	5.6
30	ATCGATCAGTCC	C	2	2290	5.5